Personal_ID,Income,use_frequency,AV_usecase,TRS_usecase,ChoiceSituationID,Alt_ID,choice,Wait Time,Cost,Travel Time,Carpool,Age,Gender,Politics,Social,TOD_8to5,TOD_5to10,TOD_10to3
1,5,5,"1,3","1,2,3,4,5",1,1,0,3,20,20,0,1,4,2,1,1,0,0
1,5,5,"1,3","1,2,3,4,5",1,2,0,3,25,10,1,1,4,2,1,1,0,0
1,5,5,"1,3","1,2,3,4,5",1,3,1,10,20,30,1,1,4,2,1,1,0,0
1,5,5,"1,3","1,2,3,4,5",2,1,0,10,35,30,0,1,4,2,1,0,1,0
1,5,5,"1,3","1,2,3,4,5",2,2,1,10,35,45,1,1,4,2,1,0,1,0
1,5,5,"1,3","1,2,3,4,5",2,3,0,10,25,20,1,1,4,2,1,0,1,0
1,5,5,"1,3","1,2,3,4,5",3,1,0,10,10,15,1,1,4,2,1,0,0,1
1,5,5,"1,3","1,2,3,4,5",3,2,1,3,25,45,1,1,4,2,1,0,0,1
1,5,5,"1,3","1,2,3,4,5",3,3,0,5,25,30,1,1,4,2,1,0,0,1
2,4,3,"1,3,5","1,2,3,4,5",4,1,0,5,20,30,0,3,4,5,3,1,0,0
2,4,3,"1,3,5","1,2,3,4,5",4,2,1,5,35,45,0,3,4,5,3,1,0,0
2,4,3,"1,3,5","1,2,3,4,5",4,3,0,5,35,20,1,3,4,5,3,1,0,0
2,4,3,"1,3,5","1,2,3,4,5",5,1,0,5,10,15,1,3,4,5,3,0,1,0
2,4,3,"1,3,5","1,2,3,4,5",5,2,1,10,45,15,1,3,4,5,3,0,1,0
2,4,3,"1,3,5","1,2,3,4,5",5,3,0,10,35,30,1,3,4,5,3,0,1,0
2,4,3,"1,3,5","1,2,3,4,5",6,1,0,5,25,10,0,3,4,5,3,0,0,1
2,4,3,"1,3,5","1,2,3,4,5",6,2,1,3,35,30,0,3,4,5,3,0,0,1
2,4,3,"1,3,5","1,2,3,4,5",6,3,0,10,45,20,0,3,4,5,3,0,0,1
3,3,2,"3,4,5","1,3,4,5",7,1,0,10,20,45,0,1,3,5,1,1,0,0
3,3,2,"3,4,5","1,3,4,5",7,2,1,3,10,10,1,1,3,5,1,1,0,0
3,3,2,"3,4,5","1,3,4,5",7,3,0,10,35,20,1,1,3,5,1,1,0,0
3,3,2,"3,4,5","1,3,4,5",8,1,0,5,20,15,0,1,3,5,1,0,1,0
3,3,2,"3,4,5","1,3,4,5",8,2,0,3,45,15,0,1,3,5,1,0,1,0
3,3,2,"3,4,5","1,3,4,5",8,3,1,10,45,15,0,1,3,5,1,0,1,0
3,3,2,"3,4,5","1,3,4,5",9,1,1,10,35,15,0,1,3,5,1,0,0,1
3,3,2,"3,4,5","1,3,4,5",9,2,0,5,35,20,1,1,3,5,1,0,0,1
3,3,2,"3,4,5","1,3,4,5",9,3,0,5,45,30,0,1,3,5,1,0,0,1
4,4,6,"1,2,3,4,5","1,3,4",10,1,0,10,35,30,1,3,1,1,2,1,0,0
4,4,6,"1,2,3,4,5","1,3,4",10,2,1,10,35,20,0,3,1,1,2,1,0,0
4,4,6,"1,2,3,4,5","1,3,4",10,3,0,5,10,10,1,3,1,1,2,1,0,0
4,4,6,"1,2,3,4,5","1,3,4",11,1,1,3,20,15,1,3,1,1,2,0,1,0
4,4,6,"1,2,3,4,5","1,3,4",11,2,0,10,25,10,1,3,1,1,2,0,1,0
4,4,6,"1,2,3,4,5","1,3,4",11,3,0,5,25,45,1,3,1,1,2,0,1,0
4,4,6,"1,2,3,4,5","1,3,4",12,1,1,10,45,30,0,3,1,1,2,0,0,1
4,4,6,"1,2,3,4,5","1,3,4",12,2,0,3,25,10,0,3,1,1,2,0,0,1
4,4,6,"1,2,3,4,5","1,3,4",12,3,0,5,25,15,0,3,1,1,2,0,0,1
5,5,6,"1,2,4,5","1,2,3,5",13,1,1,5,25,20,0,2,2,2,2,1,0,0
5,5,6,"1,2,4,5","1,2,3,5",13,2,0,3,35,20,0,2,2,2,2,1,0,0
5,5,6,"1,2,4,5","1,2,3,5",13,3,0,10,35,30,1,2,2,2,2,1,0,0
5,5,6,"1,2,4,5","1,2,3,5",14,1,1,10,35,20,1,2,2,2,2,0,1,0
5,5,6,"1,2,4,5","1,2,3,5",14,2,0,10,45,20,0,2,2,2,2,0,1,0
5,5,6,"1,2,4,5","1,2,3,5",14,3,0,10,45,30,0,2,2,2,2,0,1,0
5,5,6,"1,2,4,5","1,2,3,5",15,1,0,3,20,30,1,2,2,2,2,0,0,1
5,5,6,"1,2,4,5","1,2,3,5",15,2,0,10,35,45,1,2,2,2,2,0,0,1
5,5,6,"1,2,4,5","1,2,3,5",15,3,1,3,35,20,1,2,2,2,2,0,0,1
6,2,5,"2,4","2,4",16,1,0,10,20,10,1,1,1,4,3,1,0,0
6,2,5,"2,4","2,4",16,2,0,10,35,15,1,1,1,4,3,1,0,0
6,2,5,"2,4","2,4",16,3,1,10,10,10,1,1,1,4,3,1,0,0
6,2,5,"2,4","2,4",17,1,1,10,20,10,1,1,1,4,3,0,1,0
6,2,5,"2,4","2,4",17,2,0,10,10,20,0,1,1,4,3,0,1,0
6,2,5,"2,4","2,4",17,3,0,10,10,20,1,1,1,4,3,0,1,0
6,2,5,"2,4","2,4",18,1,1,5,25,15,0,1,1,4,3,0,0,1
6,2,5,"2,4","2,4",18,2,0,10,45,35,0,1,1,4,3,0,0,1
6,2,5,"2,4","2,4",18,3,0,10,45,15,0,1,1,4,3,0,0,1
7,2,5,"2,4","2,4",19,1,0,10,45,30,1,1,1,4,1,1,0,0
7,2,5,"2,4","2,4",19,2,1,10,45,20,0,1,1,4,1,1,0,0
7,2,5,"2,4","2,4",19,3,0,3,45,35,1,1,1,4,1,1,0,0
7,2,5,"2,4","2,4",20,1,0,3,45,20,1,1,1,4,1,0,1,0
7,2,5,"2,4","2,4",20,2,0,10,35,35,0,1,1,4,1,0,1,0
7,2,5,"2,4","2,4",20,3,1,10,35,20,1,1,1,4,1,0,1,0
7,2,5,"2,4","2,4",21,1,1,10,20,30,1,1,1,4,1,0,0,1
7,2,5,"2,4","2,4",21,2,0,3,35,35,1,1,1,4,1,0,0,1
7,2,5,"2,4","2,4",21,3,0,3,35,45,0,1,1,4,1,0,0,1
8,2,4,4,4,22,1,0,3,45,20,0,1,1,4,1,1,0,0
8,2,4,4,4,22,2,0,3,35,45,0,1,1,4,1,1,0,0
8,2,4,4,4,22,3,1,3,20,20,1,1,1,4,1,1,0,0
8,2,4,4,4,23,1,1,3,35,45,0,1,1,4,1,0,1,0
8,2,4,4,4,23,2,0,10,45,45,0,1,1,4,1,0,1,0
8,2,4,4,4,23,3,0,10,25,35,1,1,1,4,1,0,1,0
8,2,4,4,4,24,1,0,3,35,45,1,1,1,4,1,0,0,1
8,2,4,4,4,24,2,0,3,45,35,1,1,1,4,1,0,0,1
8,2,4,4,4,24,3,1,10,25,20,0,1,1,4,1,0,0,1
9,4,7,4,5,25,1,0,3,45,35,1,1,1,2,1,1,0,0
9,4,7,4,5,25,2,0,3,35,30,1,1,1,2,1,1,0,0
9,4,7,4,5,25,3,1,3,20,10,1,1,1,2,1,1,0,0
9,4,7,4,5,26,1,0,3,25,20,0,1,1,2,1,0,1,0
9,4,7,4,5,26,2,1,3,10,10,0,1,1,2,1,0,1,0
9,4,7,4,5,26,3,0,3,45,45,0,1,1,2,1,0,1,0
9,4,7,4,5,27,1,0,3,35,45,0,1,1,2,1,0,0,1
9,4,7,4,5,27,2,1,10,20,10,1,1,1,2,1,0,0,1
9,4,7,4,5,27,3,0,10,35,30,1,1,1,2,1,0,0,1
10,2,7,5,5,28,1,0,3,20,20,1,1,1,3,2,1,0,0
10,2,7,5,5,28,2,0,3,25,45,1,1,1,3,2,1,0,0
10,2,7,5,5,28,3,1,3,25,45,1,1,1,3,2,1,0,0
10,2,7,5,5,29,1,1,3,35,30,1,1,1,3,2,0,1,0
10,2,7,5,5,29,2,0,3,35,35,1,1,1,3,2,0,1,0
10,2,7,5,5,29,3,0,3,35,30,0,1,1,3,2,0,1,0
10,2,7,5,5,30,1,0,10,25,35,0,1,1,3,2,0,0,1
10,2,7,5,5,30,2,0,3,25,45,1,1,1,3,2,0,0,1
10,2,7,5,5,30,3,1,3,45,35,0,1,1,3,2,0,0,1
11,1,7,5,5,31,1,0,10,20,30,0,1,1,4,1,1,0,0
11,1,7,5,5,31,2,1,10,35,30,0,1,1,4,1,1,0,0
11,1,7,5,5,31,3,0,3,35,45,1,1,1,4,1,1,0,0
11,1,7,5,5,32,1,0,10,20,35,1,1,1,4,1,0,1,0
11,1,7,5,5,32,2,1,3,10,10,0,1,1,4,1,0,1,0
11,1,7,5,5,32,3,0,10,20,20,0,1,1,4,1,0,1,0
11,1,7,5,5,33,1,0,10,35,20,1,1,1,4,1,0,0,1
11,1,7,5,5,33,2,1,10,20,20,1,1,1,4,1,0,0,1
11,1,7,5,5,33,3,0,10,45,45,1,1,1,4,1,0,0,1
12,3,7,"1,4","1,4",34,1,1,10,10,20,1,2,1,5,1,1,0,0
12,3,7,"1,4","1,4",34,2,0,3,35,45,1,2,1,5,1,1,0,0
12,3,7,"1,4","1,4",34,3,0,3,35,35,1,2,1,5,1,1,0,0
12,3,7,"1,4","1,4",35,1,1,10,10,20,1,2,1,5,1,0,1,0
12,3,7,"1,4","1,4",35,2,0,10,35,35,0,2,1,5,1,0,1,0
12,3,7,"1,4","1,4",35,3,0,10,25,35,0,2,1,5,1,0,1,0
12,3,7,"1,4","1,4",36,1,0,3,35,20,0,2,1,5,1,0,0,1
12,3,7,"1,4","1,4",36,2,1,10,20,10,1,2,1,5,1,0,0,1
12,3,7,"1,4","1,4",36,3,0,10,35,20,1,2,1,5,1,0,0,1
13,2,5,"1,4","1,2,3,4",37,1,1,3,20,20,0,1,1,2,1,1,0,0
13,2,5,"1,4","1,2,3,4",37,2,0,10,20,10,1,1,1,2,1,1,0,0
13,2,5,"1,4","1,2,3,4",37,3,0,10,35,30,1,1,1,2,1,1,0,0
13,2,5,"1,4","1,2,3,4",38,1,0,10,35,20,1,1,1,2,1,0,1,0
13,2,5,"1,4","1,2,3,4",38,2,1,3,20,10,0,1,1,2,1,0,1,0
13,2,5,"1,4","1,2,3,4",38,3,0,10,20,30,0,1,1,2,1,0,1,0
13,2,5,"1,4","1,2,3,4",39,1,1,3,20,10,0,1,1,2,1,0,0,1
13,2,5,"1,4","1,2,3,4",39,2,0,10,20,35,1,1,1,2,1,0,0,1
13,2,5,"1,4","1,2,3,4",39,3,0,3,20,10,1,1,1,2,1,0,0,1
14,3,7,4,5,40,1,0,3,45,30,1,1,1,4,2,1,0,0
14,3,7,4,5,40,2,0,3,45,35,1,1,1,4,2,1,0,0
14,3,7,4,5,40,3,1,3,35,45,1,1,1,4,2,1,0,0
14,3,7,4,5,41,1,0,3,20,20,0,1,1,4,2,0,1,0
14,3,7,4,5,41,2,0,3,45,20,1,1,1,4,2,0,1,0
14,3,7,4,5,41,3,1,10,35,20,1,1,1,4,2,0,1,0
14,3,7,4,5,42,1,0,3,10,10,0,1,1,4,2,0,0,1
14,3,7,4,5,42,2,0,10,35,35,1,1,1,4,2,0,0,1
14,3,7,4,5,42,3,1,3,35,20,0,1,1,4,2,0,0,1
15,1,5,4,"2,3,4",43,1,0,3,35,20,0,2,2,2,1,1,0,0
15,1,5,4,"2,3,4",43,2,1,3,25,35,0,2,2,2,1,1,0,0
15,1,5,4,"2,3,4",43,3,0,10,35,35,1,2,2,2,1,1,0,0
15,1,5,4,"2,3,4",44,1,0,3,25,20,0,2,2,2,1,0,1,0
15,1,5,4,"2,3,4",44,2,0,3,35,30,0,2,2,2,1,0,1,0
15,1,5,4,"2,3,4",44,3,1,3,10,20,0,2,2,2,1,0,1,0
15,1,5,4,"2,3,4",45,1,0,10,20,30,0,2,2,2,1,0,0,1
15,1,5,4,"2,3,4",45,2,0,3,35,45,0,2,2,2,1,0,0,1
15,1,5,4,"2,3,4",45,3,1,3,10,10,1,2,2,2,1,0,0,1
16,4,4,4,4,46,1,0,10,45,45,1,1,1,4,3,1,0,0
16,4,4,4,4,46,2,1,10,20,35,0,1,1,4,3,1,0,0
16,4,4,4,4,46,3,0,10,20,35,1,1,1,4,3,1,0,0
16,4,4,4,4,47,1,1,10,35,35,0,1,1,4,3,0,1,0
16,4,4,4,4,47,2,0,3,45,35,0,1,1,4,3,0,1,0
16,4,4,4,4,47,3,0,3,45,20,1,1,1,4,3,0,1,0
16,4,4,4,4,48,1,1,3,10,10,0,1,1,4,3,0,0,1
16,4,4,4,4,48,2,0,10,10,20,0,1,1,4,3,0,0,1
16,4,4,4,4,48,3,0,3,35,20,0,1,1,4,3,0,0,1
17,2,7,5,5,49,1,0,3,45,35,0,1,1,5,2,1,0,0
17,2,7,5,5,49,2,1,3,45,30,0,1,1,5,2,1,0,0
17,2,7,5,5,49,3,0,10,20,10,1,1,1,5,2,1,0,0
17,2,7,5,5,50,1,0,10,25,35,0,1,1,5,2,0,1,0
17,2,7,5,5,50,2,0,10,25,30,0,1,1,5,2,0,1,0
17,2,7,5,5,50,3,1,10,35,30,0,1,1,5,2,0,1,0
17,2,7,5,5,51,1,0,3,35,30,0,1,1,5,2,0,0,1
17,2,7,5,5,51,2,0,10,45,45,0,1,1,5,2,0,0,1
17,2,7,5,5,51,3,1,3,10,10,0,1,1,5,2,0,0,1
18,4,6,4,"1,2,3,4",52,1,0,10,35,45,0,1,1,2,1,1,0,0
18,4,6,4,"1,2,3,4",52,2,0,10,45,20,1,1,1,2,1,1,0,0
18,4,6,4,"1,2,3,4",52,3,1,10,25,35,1,1,1,2,1,1,0,0
18,4,6,4,"1,2,3,4",53,1,0,3,20,35,1,1,1,2,1,0,1,0
18,4,6,4,"1,2,3,4",53,2,0,10,45,35,1,1,1,2,1,0,1,0
18,4,6,4,"1,2,3,4",53,3,1,10,35,20,1,1,1,2,1,0,1,0
18,4,6,4,"1,2,3,4",54,1,0,10,20,35,0,1,1,2,1,0,0,1
18,4,6,4,"1,2,3,4",54,2,0,10,10,20,1,1,1,2,1,0,0,1
18,4,6,4,"1,2,3,4",54,3,1,10,35,30,1,1,1,2,1,0,0,1
19,3,4,"3,4","3,4",55,1,0,3,35,30,0,2,2,5,1,1,0,0
19,3,4,"3,4","3,4",55,2,1,3,20,10,1,2,2,5,1,1,0,0
19,3,4,"3,4","3,4",55,3,0,10,45,20,1,2,2,5,1,1,0,0
19,3,4,"3,4","3,4",56,1,0,3,45,20,0,2,2,5,1,0,1,0
19,3,4,"3,4","3,4",56,2,0,10,20,35,0,2,2,5,1,0,1,0
19,3,4,"3,4","3,4",56,3,1,3,25,20,0,2,2,5,1,0,1,0
19,3,4,"3,4","3,4",57,1,0,10,35,20,1,2,2,5,1,0,0,1
19,3,4,"3,4","3,4",57,2,0,3,25,35,1,2,2,5,1,0,0,1
19,3,4,"3,4","3,4",57,3,1,3,10,20,1,2,2,5,1,0,0,1
20,3,7,2,"1,2,3,4",58,1,1,3,20,30,1,1,1,4,1,1,0,0
20,3,7,2,"1,2,3,4",58,2,0,3,20,35,0,1,1,4,1,1,0,0
20,3,7,2,"1,2,3,4",58,3,0,3,45,35,1,1,1,4,1,1,0,0
20,3,7,2,"1,2,3,4",59,1,0,10,35,45,0,1,1,4,1,0,1,0
20,3,7,2,"1,2,3,4",59,2,0,10,20,20,1,1,1,4,1,0,1,0
20,3,7,2,"1,2,3,4",59,3,1,3,35,20,1,1,1,4,1,0,1,0
20,3,7,2,"1,2,3,4",60,1,1,3,35,30,1,1,1,4,1,0,0,1
20,3,7,2,"1,2,3,4",60,2,0,10,45,30,1,1,1,4,1,0,0,1
20,3,7,2,"1,2,3,4",60,3,0,10,35,20,0,1,1,4,1,0,0,1
21,2,7,4,"1,2,4",61,1,0,10,35,30,0,1,3,5,1,1,0,0
21,2,7,4,"1,2,4",61,2,0,3,25,20,1,1,3,5,1,1,0,0
21,2,7,4,"1,2,4",61,3,1,10,10,10,1,1,3,5,1,1,0,0
21,2,7,4,"1,2,4",62,1,0,10,20,35,1,1,3,5,1,0,1,0
21,2,7,4,"1,2,4",62,2,0,3,20,30,0,1,3,5,1,0,1,0
21,2,7,4,"1,2,4",62,3,1,3,20,10,0,1,3,5,1,0,1,0
21,2,7,4,"1,2,4",63,1,1,10,20,35,0,1,3,5,1,0,0,1
21,2,7,4,"1,2,4",63,2,0,10,45,45,0,1,3,5,1,0,0,1
21,2,7,4,"1,2,4",63,3,0,3,20,10,1,1,3,5,1,0,0,1
22,3,7,4,"2,3,4",64,1,1,10,25,45,1,2,2,2,3,1,0,0
22,3,7,4,"2,3,4",64,2,0,10,45,35,0,2,2,2,3,1,0,0
22,3,7,4,"2,3,4",64,3,0,10,20,10,1,2,2,2,3,1,0,0
22,3,7,4,"2,3,4",65,1,1,10,20,10,0,2,2,2,3,0,1,0
22,3,7,4,"2,3,4",65,2,0,10,20,20,0,2,2,2,3,0,1,0
22,3,7,4,"2,3,4",65,3,0,10,25,30,0,2,2,2,3,0,1,0
22,3,7,4,"2,3,4",66,1,1,3,20,30,0,2,2,2,3,0,0,1
22,3,7,4,"2,3,4",66,2,0,3,25,35,0,2,2,2,3,0,0,1
22,3,7,4,"2,3,4",66,3,0,3,45,35,1,2,2,2,3,0,0,1
23,3,7,"1,2,4","1,2,3,4",67,1,0,10,45,45,0,2,1,1,1,1,0,0
23,3,7,"1,2,4","1,2,3,4",67,2,0,3,45,45,0,2,1,1,1,1,0,0
23,3,7,"1,2,4","1,2,3,4",67,3,1,3,25,20,1,2,1,1,1,1,0,0
23,3,7,"1,2,4","1,2,3,4",68,1,0,10,20,30,0,2,1,1,1,0,1,0
23,3,7,"1,2,4","1,2,3,4",68,2,1,10,20,10,1,2,1,1,1,0,1,0
23,3,7,"1,2,4","1,2,3,4",68,3,0,10,10,20,1,2,1,1,1,0,1,0
23,3,7,"1,2,4","1,2,3,4",69,1,0,10,45,35,1,2,1,1,1,0,0,1
23,3,7,"1,2,4","1,2,3,4",69,2,0,3,35,45,1,2,1,1,1,0,0,1
23,3,7,"1,2,4","1,2,3,4",69,3,1,3,20,30,0,2,1,1,1,0,0,1
24,2,6,"2,3,4","3,4",70,1,1,10,25,30,1,1,2,3,3,1,0,0
24,2,6,"2,3,4","3,4",70,2,0,10,45,20,1,1,2,3,3,1,0,0
24,2,6,"2,3,4","3,4",70,3,0,10,20,35,1,1,2,3,3,1,0,0
24,2,6,"2,3,4","3,4",71,1,1,10,10,20,0,1,2,3,3,0,1,0
24,2,6,"2,3,4","3,4",71,2,0,10,45,35,0,1,2,3,3,0,1,0
24,2,6,"2,3,4","3,4",71,3,0,10,10,10,0,1,2,3,3,0,1,0
24,2,6,"2,3,4","3,4",72,1,1,3,25,35,0,1,2,3,3,0,0,1
24,2,6,"2,3,4","3,4",72,2,0,10,45,20,1,1,2,3,3,0,0,1
24,2,6,"2,3,4","3,4",72,3,0,10,10,20,0,1,2,3,3,0,0,1
25,2,4,"1,3,4","2,4",73,1,0,10,20,10,1,1,2,2,1,1,0,0
25,2,4,"1,3,4","2,4",73,2,1,10,25,20,0,1,2,2,1,1,0,0
25,2,4,"1,3,4","2,4",73,3,0,3,25,45,1,1,2,2,1,1,0,0
25,2,4,"1,3,4","2,4",74,1,0,10,45,30,1,1,2,2,1,0,1,0
25,2,4,"1,3,4","2,4",74,2,1,10,20,20,0,1,2,2,1,0,1,0
25,2,4,"1,3,4","2,4",74,3,0,10,45,30,0,1,2,2,1,0,1,0
25,2,4,"1,3,4","2,4",75,1,0,10,20,10,1,1,2,2,1,0,0,1
25,2,4,"1,3,4","2,4",75,2,1,3,20,10,0,1,2,2,1,0,0,1
25,2,4,"1,3,4","2,4",75,3,0,3,35,30,0,1,2,2,1,0,0,1
26,3,7,"2,4",5,76,1,0,3,20,20,1,1,2,2,1,1,0,0
26,3,7,"2,4",5,76,2,0,3,25,45,0,1,2,2,1,1,0,0
26,3,7,"2,4",5,76,3,1,3,25,30,1,1,2,2,1,1,0,0
26,3,7,"2,4",5,77,1,0,10,45,45,0,1,2,2,1,0,1,0
26,3,7,"2,4",5,77,2,1,10,35,30,1,1,2,2,1,0,1,0
26,3,7,"2,4",5,77,3,0,10,35,45,0,1,2,2,1,0,1,0
26,3,7,"2,4",5,78,1,0,10,45,35,1,1,2,2,1,0,0,1
26,3,7,"2,4",5,78,2,1,3,25,30,0,1,2,2,1,0,0,1
26,3,7,"2,4",5,78,3,0,3,35,45,0,1,2,2,1,0,0,1
27,4,4,4,"2,3,4",79,1,0,10,20,35,0,2,2,5,1,1,0,0
27,4,4,4,"2,3,4",79,2,1,3,20,10,1,2,2,5,1,1,0,0
27,4,4,4,"2,3,4",79,3,0,3,45,35,1,2,2,5,1,1,0,0
27,4,4,4,"2,3,4",80,1,0,10,25,30,1,2,2,5,1,0,1,0
27,4,4,4,"2,3,4",80,2,1,10,20,20,1,2,2,5,1,0,1,0
27,4,4,4,"2,3,4",80,3,0,10,35,45,0,2,2,5,1,0,1,0
27,4,4,4,"2,3,4",81,1,1,10,10,20,1,2,2,5,1,0,0,1
27,4,4,4,"2,3,4",81,2,0,10,25,35,0,2,2,5,1,0,0,1
27,4,4,4,"2,3,4",81,3,0,3,35,45,1,2,2,5,1,0,0,1
28,4,4,"1,4","1,2",82,1,1,10,35,35,0,2,2,4,1,1,0,0
28,4,4,"1,4","1,2",82,2,0,3,45,20,1,2,2,4,1,1,0,0
28,4,4,"1,4","1,2",82,3,0,10,20,20,1,2,2,4,1,1,0,0
28,4,4,"1,4","1,2",83,1,1,10,45,20,0,2,2,4,1,0,1,0
28,4,4,"1,4","1,2",83,2,0,3,35,30,1,2,2,4,1,0,1,0
28,4,4,"1,4","1,2",83,3,0,10,20,20,0,2,2,4,1,0,1,0
28,4,4,"1,4","1,2",84,1,1,10,10,10,0,2,2,4,1,0,0,1
28,4,4,"1,4","1,2",84,2,0,3,20,30,0,2,2,4,1,0,0,1
28,4,4,"1,4","1,2",84,3,0,3,25,20,1,2,2,4,1,0,0,1
29,4,4,"2,3,4","2,3,4",85,1,0,10,20,20,0,2,2,4,1,1,0,0
29,4,4,"2,3,4","2,3,4",85,2,1,3,20,30,1,2,2,4,1,1,0,0
29,4,4,"2,3,4","2,3,4",85,3,0,10,35,30,1,2,2,4,1,1,0,0
29,4,4,"2,3,4","2,3,4",86,1,0,3,35,35,1,2,2,4,1,0,1,0
29,4,4,"2,3,4","2,3,4",86,2,0,3,35,35,1,2,2,4,1,0,1,0
29,4,4,"2,3,4","2,3,4",86,3,1,10,10,10,1,2,2,4,1,0,1,0
29,4,4,"2,3,4","2,3,4",87,1,1,3,10,10,1,2,2,4,1,0,0,1
29,4,4,"2,3,4","2,3,4",87,2,0,10,25,45,0,2,2,4,1,0,0,1
29,4,4,"2,3,4","2,3,4",87,3,0,10,25,45,1,2,2,4,1,0,0,1
30,5,7,"1,2",2,88,1,1,3,20,30,0,2,2,4,1,1,0,0
30,5,7,"1,2",2,88,2,0,10,10,10,0,2,2,4,1,1,0,0
30,5,7,"1,2",2,88,3,0,10,35,35,1,2,2,4,1,1,0,0
30,5,7,"1,2",2,89,1,0,3,35,45,0,2,2,4,1,0,1,0
30,5,7,"1,2",2,89,2,1,3,35,45,1,2,2,4,1,0,1,0
30,5,7,"1,2",2,89,3,0,10,20,35,0,2,2,4,1,0,1,0
30,5,7,"1,2",2,90,1,1,10,35,35,1,2,2,4,1,0,0,1
30,5,7,"1,2",2,90,2,0,3,25,30,0,2,2,4,1,0,0,1
30,5,7,"1,2",2,90,3,0,10,45,45,1,2,2,4,1,0,0,1
31,4,4,"3,4","3,4",91,1,1,3,45,30,0,2,2,5,3,1,0,0
31,4,4,"3,4","3,4",91,2,0,3,35,45,1,2,2,5,3,1,0,0
31,4,4,"3,4","3,4",91,3,0,10,45,35,1,2,2,5,3,1,0,0
31,4,4,"3,4","3,4",92,1,1,3,20,30,0,2,2,5,3,0,1,0
31,4,4,"3,4","3,4",92,2,0,3,45,20,0,2,2,5,3,0,1,0
31,4,4,"3,4","3,4",92,3,0,3,20,10,0,2,2,5,3,0,1,0
31,4,4,"3,4","3,4",93,1,1,10,20,30,1,2,2,5,3,0,0,1
31,4,4,"3,4","3,4",93,2,0,3,45,20,1,2,2,5,3,0,0,1
31,4,4,"3,4","3,4",93,3,0,3,20,10,0,2,2,5,3,0,0,1
32,4,5,"2,4","2,4",94,1,0,3,45,45,1,2,1,3,3,1,0,0
32,4,5,"2,4","2,4",94,2,0,10,25,35,1,2,1,3,3,1,0,0
32,4,5,"2,4","2,4",94,3,1,10,10,10,1,2,1,3,3,1,0,0
32,4,5,"2,4","2,4",95,1,1,10,25,35,0,2,1,3,3,0,1,0
32,4,5,"2,4","2,4",95,2,0,3,45,20,0,2,1,3,3,0,1,0
32,4,5,"2,4","2,4",95,3,0,10,45,45,1,2,1,3,3,0,1,0
32,4,5,"2,4","2,4",96,1,0,3,45,20,1,2,1,3,3,0,0,1
32,4,5,"2,4","2,4",96,2,1,10,20,30,1,2,1,3,3,0,0,1
32,4,5,"2,4","2,4",96,3,0,10,45,20,1,2,1,3,3,0,0,1
33,4,4,"1,2",5,97,1,0,10,20,10,1,2,2,2,1,1,0,0
33,4,4,"1,2",5,97,2,1,3,20,30,0,2,2,2,1,1,0,0
33,4,4,"1,2",5,97,3,0,3,35,30,1,2,2,2,1,1,0,0
33,4,4,"1,2",5,98,1,1,10,10,10,0,2,2,2,1,0,1,0
33,4,4,"1,2",5,98,2,0,3,45,35,0,2,2,2,1,0,1,0
33,4,4,"1,2",5,98,3,0,10,25,30,0,2,2,2,1,0,1,0
33,4,4,"1,2",5,99,1,1,3,20,10,0,2,2,2,1,0,0,1
33,4,4,"1,2",5,99,2,0,3,35,30,1,2,2,2,1,0,0,1
33,4,4,"1,2",5,99,3,0,3,25,30,0,2,2,2,1,0,0,1
34,4,5,4,4,100,1,0,3,25,30,1,2,1,2,3,1,0,0
34,4,5,4,4,100,2,0,10,35,30,1,2,1,2,3,1,0,0
34,4,5,4,4,100,3,1,3,20,20,1,2,1,2,3,1,0,0
34,4,5,4,4,101,1,0,3,25,30,0,2,1,2,3,0,1,0
34,4,5,4,4,101,2,0,3,10,20,1,2,1,2,3,0,1,0
34,4,5,4,4,101,3,1,10,10,20,1,2,1,2,3,0,1,0
34,4,5,4,4,102,1,0,3,35,35,1,2,1,2,3,0,0,1
34,4,5,4,4,102,2,0,3,20,20,1,2,1,2,3,0,0,1
34,4,5,4,4,102,3,1,3,10,10,1,2,1,2,3,0,0,1
35,4,6,"1,2,3,4","1,2,3,4",103,1,1,3,25,45,0,2,1,3,1,1,0,0
35,4,6,"1,2,3,4","1,2,3,4",103,2,0,3,35,30,1,2,1,3,1,1,0,0
35,4,6,"1,2,3,4","1,2,3,4",103,3,0,10,35,30,1,2,1,3,1,1,0,0
35,4,6,"1,2,3,4","1,2,3,4",104,1,0,10,20,10,1,2,1,3,1,0,1,0
35,4,6,"1,2,3,4","1,2,3,4",104,2,1,3,10,10,0,2,1,3,1,0,1,0
35,4,6,"1,2,3,4","1,2,3,4",104,3,0,10,35,45,0,2,1,3,1,0,1,0
35,4,6,"1,2,3,4","1,2,3,4",105,1,0,3,35,45,1,2,1,3,1,0,0,1
35,4,6,"1,2,3,4","1,2,3,4",105,2,1,10,25,30,1,2,1,3,1,0,0,1
35,4,6,"1,2,3,4","1,2,3,4",105,3,0,10,35,20,0,2,1,3,1,0,0,1
36,4,6,"1,4","1,2,3,4",106,1,0,3,35,35,0,2,1,3,1,1,0,0
36,4,6,"1,4","1,2,3,4",106,2,1,10,25,30,0,2,1,3,1,1,0,0
36,4,6,"1,4","1,2,3,4",106,3,0,10,45,45,1,2,1,3,1,1,0,0
36,4,6,"1,4","1,2,3,4",107,1,0,10,25,30,1,2,1,3,1,0,1,0
36,4,6,"1,4","1,2,3,4",107,2,1,3,25,30,0,2,1,3,1,0,1,0
36,4,6,"1,4","1,2,3,4",107,3,0,3,45,35,1,2,1,3,1,0,1,0
36,4,6,"1,4","1,2,3,4",108,1,1,10,20,30,0,2,1,3,1,0,0,1
36,4,6,"1,4","1,2,3,4",108,2,0,3,20,35,1,2,1,3,1,0,0,1
36,4,6,"1,4","1,2,3,4",108,3,0,10,35,35,0,2,1,3,1,0,0,1
37,3,7,"1,2,4",5,109,1,1,3,25,45,0,2,2,3,3,1,0,0
37,3,7,"1,2,4",5,109,2,0,3,35,45,0,2,2,3,3,1,0,0
37,3,7,"1,2,4",5,109,3,0,3,35,35,1,2,2,3,3,1,0,0
37,3,7,"1,2,4",5,110,1,0,10,45,20,1,2,2,3,3,0,1,0
37,3,7,"1,2,4",5,110,2,1,10,10,10,1,2,2,3,3,0,1,0
37,3,7,"1,2,4",5,110,3,0,3,45,45,1,2,2,3,3,0,1,0
37,3,7,"1,2,4",5,111,1,1,10,20,30,1,2,2,3,3,0,0,1
37,3,7,"1,2,4",5,111,2,0,10,20,35,0,2,2,3,3,0,0,1
37,3,7,"1,2,4",5,111,3,0,3,45,30,0,2,2,3,3,0,0,1
38,4,3,4,4,112,1,0,10,45,45,0,2,2,2,1,1,0,0
38,4,3,4,4,112,2,0,10,45,45,0,2,2,2,1,1,0,0
38,4,3,4,4,112,3,1,3,20,20,1,2,2,2,1,1,0,0
38,4,3,4,4,113,1,0,10,35,20,1,2,2,2,1,0,1,0
38,4,3,4,4,113,2,1,3,25,20,0,2,2,2,1,0,1,0
38,4,3,4,4,113,3,0,3,35,45,1,2,2,2,1,0,1,0
38,4,3,4,4,114,1,0,3,45,35,1,2,2,2,1,0,0,1
38,4,3,4,4,114,2,1,3,20,20,0,2,2,2,1,0,0,1
38,4,3,4,4,114,3,0,10,25,20,1,2,2,2,1,0,0,1
39,4,3,"1,2,4",1,115,1,0,10,45,45,1,2,1,2,3,1,0,0
39,4,3,"1,2,4",1,115,2,1,10,25,35,0,2,1,2,3,1,0,0
39,4,3,"1,2,4",1,115,3,0,10,35,35,1,2,1,2,3,1,0,0
39,4,3,"1,2,4",1,116,1,0,3,45,35,0,2,1,2,3,0,1,0
39,4,3,"1,2,4",1,116,2,0,10,45,20,0,2,1,2,3,0,1,0
39,4,3,"1,2,4",1,116,3,1,10,20,30,0,2,1,2,3,0,1,0
39,4,3,"1,2,4",1,117,1,0,10,20,20,0,2,1,2,3,0,0,1
39,4,3,"1,2,4",1,117,2,1,10,20,10,0,2,1,2,3,0,0,1
39,4,3,"1,2,4",1,117,3,0,10,45,45,0,2,1,2,3,0,0,1
40,2,7,4,"2,4",118,1,1,10,20,35,0,2,2,2,1,1,0,0
40,2,7,4,"2,4",118,2,0,3,35,30,0,2,2,2,1,1,0,0
40,2,7,4,"2,4",118,3,0,10,25,45,1,2,2,2,1,1,0,0
40,2,7,4,"2,4",119,1,0,3,25,45,1,2,2,2,1,0,1,0
40,2,7,4,"2,4",119,2,0,3,45,20,0,2,2,2,1,0,1,0
40,2,7,4,"2,4",119,3,1,10,10,10,0,2,2,2,1,0,1,0
40,2,7,4,"2,4",120,1,1,3,45,20,1,2,2,2,1,0,0,1
40,2,7,4,"2,4",120,2,0,3,35,45,1,2,2,2,1,0,0,1
40,2,7,4,"2,4",120,3,0,10,45,30,1,2,2,2,1,0,0,1
41,4,6,"2,4","1,2,3,4",121,1,1,10,25,35,0,2,2,2,3,1,0,0
41,4,6,"2,4","1,2,3,4",121,2,0,10,20,10,0,2,2,2,3,1,0,0
41,4,6,"2,4","1,2,3,4",121,3,0,10,20,30,1,2,2,2,3,1,0,0
41,4,6,"2,4","1,2,3,4",122,1,1,10,35,30,1,2,2,2,3,0,1,0
41,4,6,"2,4","1,2,3,4",122,2,0,10,20,35,1,2,2,2,3,0,1,0
41,4,6,"2,4","1,2,3,4",122,3,0,10,25,30,0,2,2,2,3,0,1,0
41,4,6,"2,4","1,2,3,4",123,1,1,10,35,20,0,2,2,2,3,0,0,1
41,4,6,"2,4","1,2,3,4",123,2,0,3,45,45,0,2,2,2,3,0,0,1
41,4,6,"2,4","1,2,3,4",123,3,0,10,45,35,1,2,2,2,3,0,0,1
42,4,4,"1,4","1,4",124,1,0,3,35,45,0,2,2,3,1,1,0,0
42,4,4,"1,4","1,4",124,2,1,3,20,30,1,2,2,3,1,1,0,0
42,4,4,"1,4","1,4",124,3,0,10,35,20,1,2,2,3,1,1,0,0
42,4,4,"1,4","1,4",125,1,1,10,20,30,0,2,2,3,1,0,1,0
42,4,4,"1,4","1,4",125,2,0,10,45,20,0,2,2,3,1,0,1,0
42,4,4,"1,4","1,4",125,3,0,10,25,20,0,2,2,3,1,0,1,0
42,4,4,"1,4","1,4",126,1,1,3,45,30,0,2,2,3,1,0,0,1
42,4,4,"1,4","1,4",126,2,0,3,45,30,1,2,2,3,1,0,0,1
42,4,4,"1,4","1,4",126,3,0,3,35,35,1,2,2,3,1,0,0,1
43,4,6,4,"2,3,4",127,1,1,3,35,20,0,2,2,2,1,1,0,0
43,4,6,4,"2,3,4",127,2,0,10,25,45,1,2,2,2,1,1,0,0
43,4,6,4,"2,3,4",127,3,0,3,35,45,1,2,2,2,1,1,0,0
43,4,6,4,"2,3,4",128,1,0,3,20,30,1,2,2,2,1,0,1,0
43,4,6,4,"2,3,4",128,2,0,10,45,30,1,2,2,2,1,0,1,0
43,4,6,4,"2,3,4",128,3,1,10,20,30,0,2,2,2,1,0,1,0
43,4,6,4,"2,3,4",129,1,1,3,25,30,0,2,2,2,1,0,0,1
43,4,6,4,"2,3,4",129,2,0,10,45,30,1,2,2,2,1,0,0,1
43,4,6,4,"2,3,4",129,3,0,3,35,30,1,2,2,2,1,0,0,1
44,5,7,"2,4","2,4",130,1,1,10,35,30,1,2,1,1,1,1,0,0
44,5,7,"2,4","2,4",130,2,0,3,25,45,1,2,1,1,1,1,0,0
44,5,7,"2,4","2,4",130,3,0,3,35,45,1,2,1,1,1,1,0,0
44,5,7,"2,4","2,4",131,1,1,10,45,45,1,2,1,1,1,0,1,0
44,5,7,"2,4","2,4",131,2,0,10,35,20,1,2,1,1,1,0,1,0
44,5,7,"2,4","2,4",131,3,0,10,10,20,1,2,1,1,1,0,1,0
44,5,7,"2,4","2,4",132,1,1,3,45,20,0,2,1,1,1,0,0,1
44,5,7,"2,4","2,4",132,2,0,10,45,20,0,2,1,1,1,0,0,1
44,5,7,"2,4","2,4",132,3,0,3,25,45,0,2,1,1,1,0,0,1
45,3,7,"1,2,3,4",5,133,1,0,10,45,30,1,2,2,1,1,1,0,0
45,3,7,"1,2,3,4",5,133,2,0,10,20,10,1,2,2,1,1,1,0,0
45,3,7,"1,2,3,4",5,133,3,1,10,35,30,1,2,2,1,1,1,0,0
45,3,7,"1,2,3,4",5,134,1,0,10,45,45,0,2,2,1,1,0,1,0
45,3,7,"1,2,3,4",5,134,2,0,3,45,35,1,2,2,1,1,0,1,0
45,3,7,"1,2,3,4",5,134,3,1,3,45,45,1,2,2,1,1,0,1,0
45,3,7,"1,2,3,4",5,135,1,0,10,25,20,1,2,2,1,1,0,0,1
45,3,7,"1,2,3,4",5,135,2,0,10,25,45,1,2,2,1,1,0,0,1
45,3,7,"1,2,3,4",5,135,3,1,10,25,35,1,2,2,1,1,0,0,1
46,4,3,"1,2,3,4",5,136,1,0,10,10,20,1,2,2,1,1,1,0,0
46,4,3,"1,2,3,4",5,136,2,1,10,45,30,1,2,2,1,1,1,0,0
46,4,3,"1,2,3,4",5,136,3,0,3,45,45,1,2,2,1,1,1,0,0
46,4,3,"1,2,3,4",5,137,1,0,10,35,45,1,2,2,1,1,0,1,0
46,4,3,"1,2,3,4",5,137,2,1,10,20,30,1,2,2,1,1,0,1,0
46,4,3,"1,2,3,4",5,137,3,0,10,25,45,0,2,2,1,1,0,1,0
46,4,3,"1,2,3,4",5,138,1,0,10,20,20,1,2,2,1,1,0,0,1
46,4,3,"1,2,3,4",5,138,2,0,10,45,45,0,2,2,1,1,0,0,1
46,4,3,"1,2,3,4",5,138,3,1,10,35,20,0,2,2,1,1,0,0,1
47,1,5,"2,4",4,139,1,0,10,25,35,0,2,2,3,1,1,0,0
47,1,5,"2,4",4,139,2,0,3,35,45,1,2,2,3,1,1,0,0
47,1,5,"2,4",4,139,3,1,10,25,35,1,2,2,3,1,1,0,0
47,1,5,"2,4",4,140,1,0,10,20,35,0,2,2,3,1,0,1,0
47,1,5,"2,4",4,140,2,0,10,35,35,1,2,2,3,1,0,1,0
47,1,5,"2,4",4,140,3,1,10,20,30,0,2,2,3,1,0,1,0
47,1,5,"2,4",4,141,1,0,3,35,35,1,2,2,3,1,0,0,1
47,1,5,"2,4",4,141,2,0,3,45,30,1,2,2,3,1,0,0,1
47,1,5,"2,4",4,141,3,1,3,45,20,0,2,2,3,1,0,0,1
48,5,7,4,"2,4",142,1,1,10,45,45,1,2,1,2,3,1,0,0
48,5,7,4,"2,4",142,2,0,3,35,20,0,2,1,2,3,1,0,0
48,5,7,4,"2,4",142,3,0,3,20,10,1,2,1,2,3,1,0,0
48,5,7,4,"2,4",143,1,0,3,25,20,0,2,1,2,3,0,1,0
48,5,7,4,"2,4",143,2,1,3,20,20,1,2,1,2,3,0,1,0
48,5,7,4,"2,4",143,3,0,10,20,35,1,2,1,2,3,0,1,0
48,5,7,4,"2,4",144,1,1,3,20,35,1,2,1,2,3,0,0,1
48,5,7,4,"2,4",144,2,0,3,20,35,0,2,1,2,3,0,0,1
48,5,7,4,"2,4",144,3,0,3,25,35,0,2,1,2,3,0,0,1
49,3,7,2,4,145,1,1,3,10,20,0,2,1,1,1,1,0,0
49,3,7,2,4,145,2,0,10,25,30,1,2,1,1,1,1,0,0
49,3,7,2,4,145,3,0,10,25,45,1,2,1,1,1,1,0,0
49,3,7,2,4,146,1,0,10,25,30,1,2,1,1,1,0,1,0
49,3,7,2,4,146,2,1,3,35,30,1,2,1,1,1,0,1,0
49,3,7,2,4,146,3,0,10,45,45,0,2,1,1,1,0,1,0
49,3,7,2,4,147,1,0,3,45,30,0,2,1,1,1,0,0,1
49,3,7,2,4,147,2,1,3,25,45,1,2,1,1,1,0,0,1
49,3,7,2,4,147,3,0,10,25,35,0,2,1,1,1,0,0,1
50,3,5,"1,3,4",5,148,1,0,10,35,35,0,1,1,4,1,1,0,0
50,3,5,"1,3,4",5,148,2,0,10,25,20,1,1,1,4,1,1,0,0
50,3,5,"1,3,4",5,148,3,1,3,20,30,1,1,1,4,1,1,0,0
50,3,5,"1,3,4",5,149,1,0,10,20,20,0,1,1,4,1,0,1,0
50,3,5,"1,3,4",5,149,2,0,10,10,10,0,1,1,4,1,0,1,0
50,3,5,"1,3,4",5,149,3,1,3,35,45,1,1,1,4,1,0,1,0
50,3,5,"1,3,4",5,150,1,0,3,25,30,1,1,1,4,1,0,0,1
50,3,5,"1,3,4",5,150,2,0,10,25,45,1,1,1,4,1,0,0,1
50,3,5,"1,3,4",5,150,3,1,3,20,35,0,1,1,4,1,0,0,1
51,3,7,4,"2,4",151,1,0,10,45,35,0,1,3,2,1,1,0,0
51,3,7,4,"2,4",151,2,1,3,35,45,1,1,3,2,1,1,0,0
51,3,7,4,"2,4",151,3,0,10,45,35,1,1,3,2,1,1,0,0
51,3,7,4,"2,4",152,1,1,10,20,10,0,1,3,2,1,0,1,0
51,3,7,4,"2,4",152,2,0,3,45,45,1,1,3,2,1,0,1,0
51,3,7,4,"2,4",152,3,0,3,25,30,1,1,3,2,1,0,1,0
51,3,7,4,"2,4",153,1,0,10,45,30,1,1,3,2,1,0,0,1
51,3,7,4,"2,4",153,2,0,3,25,45,0,1,3,2,1,0,0,1
51,3,7,4,"2,4",153,3,1,3,10,10,1,1,3,2,1,0,0,1
52,4,7,"2,4",5,154,1,0,10,45,30,0,2,1,1,1,1,0,0
52,4,7,"2,4",5,154,2,0,10,45,45,1,2,1,1,1,1,0,0
52,4,7,"2,4",5,154,3,1,3,35,35,1,2,1,1,1,1,0,0
52,4,7,"2,4",5,155,1,0,10,45,30,1,2,1,1,1,0,1,0
52,4,7,"2,4",5,155,2,1,3,25,20,0,2,1,1,1,0,1,0
52,4,7,"2,4",5,155,3,0,3,20,35,0,2,1,1,1,0,1,0
52,4,7,"2,4",5,156,1,0,10,25,30,1,2,1,1,1,0,0,1
52,4,7,"2,4",5,156,2,0,10,10,10,1,2,1,1,1,0,0,1
52,4,7,"2,4",5,156,3,1,10,10,20,0,2,1,1,1,0,0,1
53,3,7,"2,4","1,2,3,4",157,1,1,3,45,35,1,1,1,4,1,1,0,0
53,3,7,"2,4","1,2,3,4",157,2,0,10,20,30,1,1,1,4,1,1,0,0
53,3,7,"2,4","1,2,3,4",157,3,0,10,45,20,1,1,1,4,1,1,0,0
53,3,7,"2,4","1,2,3,4",158,1,0,10,20,35,0,1,1,4,1,0,1,0
53,3,7,"2,4","1,2,3,4",158,2,1,3,20,10,1,1,1,4,1,0,1,0
53,3,7,"2,4","1,2,3,4",158,3,0,10,35,30,1,1,1,4,1,0,1,0
53,3,7,"2,4","1,2,3,4",159,1,1,3,45,35,1,1,1,4,1,0,0,1
53,3,7,"2,4","1,2,3,4",159,2,0,10,25,30,0,1,1,4,1,0,0,1
53,3,7,"2,4","1,2,3,4",159,3,0,3,20,10,0,1,1,4,1,0,0,1
54,3,7,"2,4","2,4",160,1,1,10,20,35,0,2,1,4,1,1,0,0
54,3,7,"2,4","2,4",160,2,0,10,25,35,0,2,1,4,1,1,0,0
54,3,7,"2,4","2,4",160,3,0,10,45,20,1,2,1,4,1,1,0,0
54,3,7,"2,4","2,4",161,1,0,3,25,35,1,2,1,4,1,0,1,0
54,3,7,"2,4","2,4",161,2,1,3,20,20,0,2,1,4,1,0,1,0
54,3,7,"2,4","2,4",161,3,0,3,45,35,0,2,1,4,1,0,1,0
54,3,7,"2,4","2,4",162,1,1,3,10,20,1,2,1,4,1,0,0,1
54,3,7,"2,4","2,4",162,2,0,3,45,35,0,2,1,4,1,0,0,1
54,3,7,"2,4","2,4",162,3,0,10,20,20,1,2,1,4,1,0,0,1
55,3,4,"1,2,4","1,2,4",163,1,0,10,45,20,0,2,2,4,1,1,0,0
55,3,4,"1,2,4","1,2,4",163,2,0,10,20,30,0,2,2,4,1,1,0,0
55,3,4,"1,2,4","1,2,4",163,3,1,10,20,20,1,2,2,4,1,1,0,0
55,3,4,"1,2,4","1,2,4",164,1,1,10,25,30,1,2,2,4,1,0,1,0
55,3,4,"1,2,4","1,2,4",164,2,0,3,45,35,1,2,2,4,1,0,1,0
55,3,4,"1,2,4","1,2,4",164,3,0,10,45,30,0,2,2,4,1,0,1,0
55,3,4,"1,2,4","1,2,4",165,1,0,10,20,10,0,2,2,4,1,0,0,1
55,3,4,"1,2,4","1,2,4",165,2,1,3,20,10,0,2,2,4,1,0,0,1
55,3,4,"1,2,4","1,2,4",165,3,0,10,25,35,1,2,2,4,1,0,0,1
56,4,5,"2,4","2,4",166,1,0,3,20,10,1,2,1,2,1,1,0,0
56,4,5,"2,4","2,4",166,2,1,10,20,20,1,2,1,2,1,1,0,0
56,4,5,"2,4","2,4",166,3,0,10,35,20,1,2,1,2,1,1,0,0
56,4,5,"2,4","2,4",167,1,0,10,45,20,1,2,1,2,1,0,1,0
56,4,5,"2,4","2,4",167,2,0,10,45,45,1,2,1,2,1,0,1,0
56,4,5,"2,4","2,4",167,3,1,3,10,20,0,2,1,2,1,0,1,0
56,4,5,"2,4","2,4",168,1,0,10,35,30,0,2,1,2,1,0,0,1
56,4,5,"2,4","2,4",168,2,1,3,25,30,1,2,1,2,1,0,0,1
56,4,5,"2,4","2,4",168,3,0,3,45,35,0,2,1,2,1,0,0,1
57,2,6,"2,4","2,4",169,1,1,10,45,30,0,1,1,2,1,1,0,0
57,2,6,"2,4","2,4",169,2,0,3,10,20,0,1,1,2,1,1,0,0
57,2,6,"2,4","2,4",169,3,0,10,10,20,1,1,1,2,1,1,0,0
57,2,6,"2,4","2,4",170,1,1,10,20,10,1,1,1,2,1,0,1,0
57,2,6,"2,4","2,4",170,2,0,3,25,30,0,1,1,2,1,0,1,0
57,2,6,"2,4","2,4",170,3,0,3,45,20,0,1,1,2,1,0,1,0
57,2,6,"2,4","2,4",171,1,1,10,45,45,1,1,1,2,1,0,0,1
57,2,6,"2,4","2,4",171,2,0,3,45,45,1,1,1,2,1,0,0,1
57,2,6,"2,4","2,4",171,3,0,3,20,30,0,1,1,2,1,0,0,1
58,4,4,4,4,172,1,0,10,25,35,0,2,2,3,1,1,0,0
58,4,4,4,4,172,2,1,3,35,35,0,2,2,3,1,1,0,0
58,4,4,4,4,172,3,0,10,35,45,1,2,2,3,1,1,0,0
58,4,4,4,4,173,1,0,3,45,20,1,2,2,3,1,0,1,0
58,4,4,4,4,173,2,0,3,25,45,0,2,2,3,1,0,1,0
58,4,4,4,4,173,3,1,3,45,20,0,2,2,3,1,0,1,0
58,4,4,4,4,174,1,0,10,25,35,1,2,2,3,1,0,0,1
58,4,4,4,4,174,2,0,3,45,30,1,2,2,3,1,0,0,1
58,4,4,4,4,174,3,1,10,25,35,1,2,2,3,1,0,0,1
59,3,6,4,4,175,1,1,3,10,20,1,1,1,2,1,1,0,0
59,3,6,4,4,175,2,0,3,35,20,1,1,1,2,1,1,0,0
59,3,6,4,4,175,3,0,3,35,45,1,1,1,2,1,1,0,0
59,3,6,4,4,176,1,1,3,35,20,0,1,1,2,1,0,1,0
59,3,6,4,4,176,2,0,3,45,35,1,1,1,2,1,0,1,0
59,3,6,4,4,176,3,0,10,35,35,0,1,1,2,1,0,1,0
59,3,6,4,4,177,1,0,3,35,30,0,1,1,2,1,0,0,1
59,3,6,4,4,177,2,1,10,25,35,1,1,1,2,1,0,0,1
59,3,6,4,4,177,3,0,10,25,45,0,1,1,2,1,0,0,1
60,4,6,"1,2,3,4","2,3,4",178,1,0,10,25,20,0,2,1,1,1,1,0,0
60,4,6,"1,2,3,4","2,3,4",178,2,0,10,45,45,1,2,1,1,1,1,0,0
60,4,6,"1,2,3,4","2,3,4",178,3,1,3,10,10,1,2,1,1,1,1,0,0
60,4,6,"1,2,3,4","2,3,4",179,1,0,3,25,20,0,2,1,1,1,0,1,0
60,4,6,"1,2,3,4","2,3,4",179,2,1,3,10,20,0,2,1,1,1,0,1,0
60,4,6,"1,2,3,4","2,3,4",179,3,0,10,45,20,1,2,1,1,1,0,1,0
60,4,6,"1,2,3,4","2,3,4",180,1,0,10,10,20,1,2,1,1,1,0,0,1
60,4,6,"1,2,3,4","2,3,4",180,2,1,10,35,35,0,2,1,1,1,0,0,1
60,4,6,"1,2,3,4","2,3,4",180,3,0,3,45,45,0,2,1,1,1,0,0,1
61,3,6,4,4,181,1,0,3,10,10,0,1,1,5,1,1,0,0
61,3,6,4,4,181,2,1,10,20,10,1,1,1,5,1,1,0,0
61,3,6,4,4,181,3,0,3,20,30,1,1,1,5,1,1,0,0
61,3,6,4,4,182,1,0,10,45,20,1,1,1,5,1,0,1,0
61,3,6,4,4,182,2,0,3,35,35,1,1,1,5,1,0,1,0
61,3,6,4,4,182,3,1,3,25,30,1,1,1,5,1,0,1,0
61,3,6,4,4,183,1,0,3,45,45,0,1,1,5,1,0,0,1
61,3,6,4,4,183,2,0,3,45,45,1,1,1,5,1,0,0,1
61,3,6,4,4,183,3,1,10,45,20,1,1,1,5,1,0,0,1
62,4,7,"2,4","2,4",184,1,0,10,25,20,1,2,1,3,1,1,0,0
62,4,7,"2,4","2,4",184,2,1,10,10,20,0,2,1,3,1,1,0,0
62,4,7,"2,4","2,4",184,3,0,10,25,45,1,2,1,3,1,1,0,0
62,4,7,"2,4","2,4",185,1,0,3,25,35,1,2,1,3,1,0,1,0
62,4,7,"2,4","2,4",185,2,0,10,20,10,0,2,1,3,1,0,1,0
62,4,7,"2,4","2,4",185,3,1,3,20,20,0,2,1,3,1,0,1,0
62,4,7,"2,4","2,4",186,1,1,3,20,10,1,2,1,3,1,0,0,1
62,4,7,"2,4","2,4",186,2,0,10,35,45,1,2,1,3,1,0,0,1
62,4,7,"2,4","2,4",186,3,0,10,45,45,1,2,1,3,1,0,0,1
63,2,7,"3,4","1,2,3,4",187,1,1,10,20,10,0,2,1,1,1,1,0,0
63,2,7,"3,4","1,2,3,4",187,2,0,10,45,30,0,2,1,1,1,1,0,0
63,2,7,"3,4","1,2,3,4",187,3,0,10,20,20,1,2,1,1,1,1,0,0
63,2,7,"3,4","1,2,3,4",188,1,0,10,35,30,0,2,1,1,1,0,1,0
63,2,7,"3,4","1,2,3,4",188,2,0,10,45,30,0,2,1,1,1,0,1,0
63,2,7,"3,4","1,2,3,4",188,3,1,3,20,30,1,2,1,1,1,0,1,0
63,2,7,"3,4","1,2,3,4",189,1,1,3,35,20,1,2,1,1,1,0,0,1
63,2,7,"3,4","1,2,3,4",189,2,0,3,45,45,1,2,1,1,1,0,0,1
63,2,7,"3,4","1,2,3,4",189,3,0,10,45,20,1,2,1,1,1,0,0,1
64,4,3,"1,2,3,4","1,2,3,4",190,1,0,3,25,30,1,2,1,4,3,1,0,0
64,4,3,"1,2,3,4","1,2,3,4",190,2,0,3,25,45,0,2,1,4,3,1,0,0
64,4,3,"1,2,3,4","1,2,3,4",190,3,1,10,10,20,1,2,1,4,3,1,0,0
64,4,3,"1,2,3,4","1,2,3,4",191,1,0,10,25,45,1,2,1,4,3,0,1,0
64,4,3,"1,2,3,4","1,2,3,4",191,2,0,10,25,45,1,2,1,4,3,0,1,0
64,4,3,"1,2,3,4","1,2,3,4",191,3,1,10,10,10,1,2,1,4,3,0,1,0
64,4,3,"1,2,3,4","1,2,3,4",192,1,0,10,45,30,1,2,1,4,3,0,0,1
64,4,3,"1,2,3,4","1,2,3,4",192,2,1,10,35,30,0,2,1,4,3,0,0,1
64,4,3,"1,2,3,4","1,2,3,4",192,3,0,10,45,30,1,2,1,4,3,0,0,1
65,4,6,"2,4",5,193,1,0,3,25,30,1,2,1,5,2,1,0,0
65,4,6,"2,4",5,193,2,0,3,35,45,1,2,1,5,2,1,0,0
65,4,6,"2,4",5,193,3,1,3,25,45,1,2,1,5,2,1,0,0
65,4,6,"2,4",5,194,1,0,3,25,30,1,2,1,5,2,0,1,0
65,4,6,"2,4",5,194,2,0,3,35,35,0,2,1,5,2,0,1,0
65,4,6,"2,4",5,194,3,1,10,35,20,0,2,1,5,2,0,1,0
65,4,6,"2,4",5,195,1,0,10,45,35,0,2,1,5,2,0,0,1
65,4,6,"2,4",5,195,2,0,3,25,45,0,2,1,5,2,0,0,1
65,4,6,"2,4",5,195,3,1,3,20,20,0,2,1,5,2,0,0,1
66,3,7,"1,4","1,2,4",196,1,0,3,45,30,0,1,1,2,3,1,0,0
66,3,7,"1,4","1,2,4",196,2,0,10,45,30,0,1,1,2,3,1,0,0
66,3,7,"1,4","1,2,4",196,3,1,3,25,20,1,1,1,2,3,1,0,0
66,3,7,"1,4","1,2,4",197,1,1,3,20,10,0,1,1,2,3,0,1,0
66,3,7,"1,4","1,2,4",197,2,0,3,45,35,0,1,1,2,3,0,1,0
66,3,7,"1,4","1,2,4",197,3,0,3,35,35,0,1,1,2,3,0,1,0
66,3,7,"1,4","1,2,4",198,1,0,10,20,20,0,1,1,2,3,0,0,1
66,3,7,"1,4","1,2,4",198,2,0,10,45,35,0,1,1,2,3,0,0,1
66,3,7,"1,4","1,2,4",198,3,1,3,25,35,1,1,1,2,3,0,0,1
67,1,7,4,5,199,1,0,3,35,30,1,1,1,4,1,1,0,0
67,1,7,4,5,199,2,0,3,25,30,0,1,1,4,1,1,0,0
67,1,7,4,5,199,3,1,3,10,20,1,1,1,4,1,1,0,0
67,1,7,4,5,200,1,1,3,25,35,0,1,1,4,1,0,1,0
67,1,7,4,5,200,2,0,3,45,35,0,1,1,4,1,0,1,0
67,1,7,4,5,200,3,0,10,45,30,1,1,1,4,1,0,1,0
67,1,7,4,5,201,1,0,10,45,20,0,1,1,4,1,0,0,1
67,1,7,4,5,201,2,1,3,25,30,0,1,1,4,1,0,0,1
67,1,7,4,5,201,3,0,3,25,45,0,1,1,4,1,0,0,1
68,2,6,4,5,202,1,0,3,45,45,0,2,1,5,1,1,0,0
68,2,6,4,5,202,2,1,10,10,20,1,2,1,5,1,1,0,0
68,2,6,4,5,202,3,0,10,20,20,1,2,1,5,1,1,0,0
68,2,6,4,5,203,1,0,3,35,45,1,2,1,5,1,0,1,0
68,2,6,4,5,203,2,1,10,20,30,0,2,1,5,1,0,1,0
68,2,6,4,5,203,3,0,10,25,45,1,2,1,5,1,0,1,0
68,2,6,4,5,204,1,0,3,45,30,0,2,1,5,1,0,0,1
68,2,6,4,5,204,2,1,3,25,20,1,2,1,5,1,0,0,1
68,2,6,4,5,204,3,0,10,20,20,0,2,1,5,1,0,0,1
69,4,6,"1,2,4",5,205,1,0,3,20,10,0,2,2,2,1,1,0,0
69,4,6,"1,2,4",5,205,2,0,3,10,10,1,2,2,2,1,1,0,0
69,4,6,"1,2,4",5,205,3,1,3,10,10,1,2,2,2,1,1,0,0
69,4,6,"1,2,4",5,206,1,0,10,35,20,0,2,2,2,1,0,1,0
69,4,6,"1,2,4",5,206,2,1,10,20,10,1,2,2,2,1,0,1,0
69,4,6,"1,2,4",5,206,3,0,10,25,45,0,2,2,2,1,0,1,0
69,4,6,"1,2,4",5,207,1,0,10,20,30,1,2,2,2,1,0,0,1
69,4,6,"1,2,4",5,207,2,0,10,45,45,0,2,2,2,1,0,0,1
69,4,6,"1,2,4",5,207,3,1,10,20,35,1,2,2,2,1,0,0,1
70,4,7,"2,4",5,208,1,0,3,45,20,0,2,4,3,3,1,0,0
70,4,7,"2,4",5,208,2,0,10,45,30,0,2,4,3,3,1,0,0
70,4,7,"2,4",5,208,3,1,3,10,20,1,2,4,3,3,1,0,0
70,4,7,"2,4",5,209,1,0,10,35,20,1,2,4,3,3,0,1,0
70,4,7,"2,4",5,209,2,0,10,10,10,1,2,4,3,3,0,1,0
70,4,7,"2,4",5,209,3,1,3,20,20,0,2,4,3,3,0,1,0
70,4,7,"2,4",5,210,1,0,10,25,20,1,2,4,3,3,0,0,1
70,4,7,"2,4",5,210,2,0,3,25,35,1,2,4,3,3,0,0,1
70,4,7,"2,4",5,210,3,1,10,35,20,0,2,4,3,3,0,0,1
71,4,6,"1,2,4",5,211,1,0,3,35,30,1,2,2,2,1,1,0,0
71,4,6,"1,2,4",5,211,2,0,3,20,30,1,2,2,2,1,1,0,0
71,4,6,"1,2,4",5,211,3,1,10,45,35,1,2,2,2,1,1,0,0
71,4,6,"1,2,4",5,212,1,0,3,45,20,0,2,2,2,1,0,1,0
71,4,6,"1,2,4",5,212,2,0,3,20,35,1,2,2,2,1,0,1,0
71,4,6,"1,2,4",5,212,3,1,3,45,35,0,2,2,2,1,0,1,0
71,4,6,"1,2,4",5,213,1,0,3,10,10,0,2,2,2,1,0,0,1
71,4,6,"1,2,4",5,213,2,0,10,25,45,1,2,2,2,1,0,0,1
71,4,6,"1,2,4",5,213,3,1,3,35,45,0,2,2,2,1,0,0,1
72,4,3,"1,4","1,2,4",214,1,1,3,20,30,0,2,1,2,1,1,0,0
72,4,3,"1,4","1,2,4",214,2,0,3,25,20,0,2,1,2,1,1,0,0
72,4,3,"1,4","1,2,4",214,3,0,3,45,30,1,2,1,2,1,1,0,0
72,4,3,"1,4","1,2,4",215,1,0,10,35,20,0,2,1,2,1,0,1,0
72,4,3,"1,4","1,2,4",215,2,0,3,35,35,0,2,1,2,1,0,1,0
72,4,3,"1,4","1,2,4",215,3,1,10,25,20,1,2,1,2,1,0,1,0
72,4,3,"1,4","1,2,4",216,1,0,10,25,35,1,2,1,2,1,0,0,1
72,4,3,"1,4","1,2,4",216,2,1,10,45,45,1,2,1,2,1,0,0,1
72,4,3,"1,4","1,2,4",216,3,0,3,10,10,0,2,1,2,1,0,0,1
73,3,5,4,4,217,1,1,3,20,10,0,2,2,2,1,1,0,0
73,3,5,4,4,217,2,0,10,35,20,0,2,2,2,1,1,0,0
73,3,5,4,4,217,3,0,3,45,45,1,2,2,2,1,1,0,0
73,3,5,4,4,218,1,0,3,45,20,0,2,2,2,1,0,1,0
73,3,5,4,4,218,2,1,3,45,20,0,2,2,2,1,0,1,0
73,3,5,4,4,218,3,0,10,45,20,0,2,2,2,1,0,1,0
73,3,5,4,4,219,1,0,3,20,20,0,2,2,2,1,0,0,1
73,3,5,4,4,219,2,1,3,35,45,0,2,2,2,1,0,0,1
73,3,5,4,4,219,3,0,10,45,35,0,2,2,2,1,0,0,1
74,1,6,4,"1,4",220,1,0,10,25,45,0,2,1,3,1,1,0,0
74,1,6,4,"1,4",220,2,0,10,25,35,0,2,1,3,1,1,0,0
74,1,6,4,"1,4",220,3,1,10,10,10,1,2,1,3,1,1,0,0
74,1,6,4,"1,4",221,1,0,10,45,30,1,2,1,3,1,0,1,0
74,1,6,4,"1,4",221,2,1,10,25,30,0,2,1,3,1,0,1,0
74,1,6,4,"1,4",221,3,0,10,35,35,1,2,1,3,1,0,1,0
74,1,6,4,"1,4",222,1,0,10,20,30,0,2,1,3,1,0,0,1
74,1,6,4,"1,4",222,2,1,3,25,20,1,2,1,3,1,0,0,1
74,1,6,4,"1,4",222,3,0,10,45,20,0,2,1,3,1,0,0,1
75,3,5,"1,2","1,2",223,1,0,3,25,45,0,2,1,2,3,1,0,0
75,3,5,"1,2","1,2",223,2,0,3,20,30,0,2,1,2,3,1,0,0
75,3,5,"1,2","1,2",223,3,1,3,20,10,1,2,1,2,3,1,0,0
75,3,5,"1,2","1,2",224,1,0,10,35,35,0,2,1,2,3,0,1,0
75,3,5,"1,2","1,2",224,2,0,3,45,45,1,2,1,2,3,0,1,0
75,3,5,"1,2","1,2",224,3,1,3,35,30,1,2,1,2,3,0,1,0
75,3,5,"1,2","1,2",225,1,0,3,35,30,1,2,1,2,3,0,0,1
75,3,5,"1,2","1,2",225,2,1,3,45,20,0,2,1,2,3,0,0,1
75,3,5,"1,2","1,2",225,3,0,3,35,45,0,2,1,2,3,0,0,1
76,4,7,"2,4",2,226,1,0,3,10,20,0,2,1,3,1,1,0,0
76,4,7,"2,4",2,226,2,0,10,45,20,0,2,1,3,1,1,0,0
76,4,7,"2,4",2,226,3,1,3,25,35,1,2,1,3,1,1,0,0
76,4,7,"2,4",2,227,1,1,3,20,30,1,2,1,3,1,0,1,0
76,4,7,"2,4",2,227,2,0,10,35,30,0,2,1,3,1,0,1,0
76,4,7,"2,4",2,227,3,0,10,25,20,1,2,1,3,1,0,1,0
76,4,7,"2,4",2,228,1,0,3,45,35,0,2,1,3,1,0,0,1
76,4,7,"2,4",2,228,2,0,3,35,30,1,2,1,3,1,0,0,1
76,4,7,"2,4",2,228,3,1,10,20,35,1,2,1,3,1,0,0,1
77,5,6,2,2,229,1,0,10,45,45,1,1,1,4,1,1,0,0
77,5,6,2,2,229,2,0,10,35,35,0,1,1,4,1,1,0,0
77,5,6,2,2,229,3,1,10,10,10,1,1,1,4,1,1,0,0
77,5,6,2,2,230,1,0,10,25,30,1,1,1,4,1,0,1,0
77,5,6,2,2,230,2,0,10,45,30,1,1,1,4,1,0,1,0
77,5,6,2,2,230,3,1,10,10,20,1,1,1,4,1,0,1,0
77,5,6,2,2,231,1,1,10,10,10,1,1,1,4,1,0,0,1
77,5,6,2,2,231,2,0,10,35,35,1,1,1,4,1,0,0,1
77,5,6,2,2,231,3,0,10,25,45,0,1,1,4,1,0,0,1
78,3,6,"1,2,4",1,232,1,0,10,20,10,0,1,1,3,1,1,0,0
78,3,6,"1,2,4",1,232,2,0,3,35,30,0,1,1,3,1,1,0,0
78,3,6,"1,2,4",1,232,3,1,10,25,20,1,1,1,3,1,1,0,0
78,3,6,"1,2,4",1,233,1,0,3,25,30,1,1,1,3,1,0,1,0
78,3,6,"1,2,4",1,233,2,0,10,25,30,0,1,1,3,1,0,1,0
78,3,6,"1,2,4",1,233,3,1,3,10,10,1,1,1,3,1,0,1,0
78,3,6,"1,2,4",1,234,1,0,10,25,30,1,1,1,3,1,0,0,1
78,3,6,"1,2,4",1,234,2,1,3,25,30,0,1,1,3,1,0,0,1
78,3,6,"1,2,4",1,234,3,0,3,25,35,1,1,1,3,1,0,0,1
79,2,7,2,2,235,1,1,3,20,20,0,1,1,4,1,1,0,0
79,2,7,2,2,235,2,0,10,25,30,1,1,1,4,1,1,0,0
79,2,7,2,2,235,3,0,10,20,30,1,1,1,4,1,1,0,0
79,2,7,2,2,236,1,0,10,25,35,1,1,1,4,1,0,1,0
79,2,7,2,2,236,2,0,10,10,20,1,1,1,4,1,0,1,0
79,2,7,2,2,236,3,1,10,10,20,1,1,1,4,1,0,1,0
79,2,7,2,2,237,1,0,10,45,30,1,1,1,4,1,0,0,1
79,2,7,2,2,237,2,0,10,45,20,0,1,1,4,1,0,0,1
79,2,7,2,2,237,3,1,10,45,20,0,1,1,4,1,0,0,1
80,1,7,4,"2,4",238,1,0,3,35,45,0,2,2,1,1,1,0,0
80,1,7,4,"2,4",238,2,1,10,20,35,1,2,2,1,1,1,0,0
80,1,7,4,"2,4",238,3,0,10,45,20,1,2,2,1,1,1,0,0
80,1,7,4,"2,4",239,1,0,3,45,35,0,2,2,1,1,0,1,0
80,1,7,4,"2,4",239,2,1,10,25,30,0,2,2,1,1,0,1,0
80,1,7,4,"2,4",239,3,0,10,25,45,0,2,2,1,1,0,1,0
80,1,7,4,"2,4",240,1,0,10,45,45,1,2,2,1,1,0,0,1
80,1,7,4,"2,4",240,2,0,10,35,20,1,2,2,1,1,0,0,1
80,1,7,4,"2,4",240,3,1,3,10,20,1,2,2,1,1,0,0,1
81,3,7,4,4,241,1,0,3,45,45,0,2,1,3,3,1,0,0
81,3,7,4,4,241,2,1,10,35,20,1,2,1,3,3,1,0,0
81,3,7,4,4,241,3,0,3,25,45,1,2,1,3,3,1,0,0
81,3,7,4,4,242,1,1,3,25,35,1,2,1,3,3,0,1,0
81,3,7,4,4,242,2,0,3,35,35,1,2,1,3,3,0,1,0
81,3,7,4,4,242,3,0,3,35,35,0,2,1,3,3,0,1,0
81,3,7,4,4,243,1,0,3,45,45,1,2,1,3,3,0,0,1
81,3,7,4,4,243,2,1,10,35,30,0,2,1,3,3,0,0,1
81,3,7,4,4,243,3,0,10,35,35,0,2,1,3,3,0,0,1
82,2,7,2,5,244,1,0,3,45,35,1,2,3,2,1,1,0,0
82,2,7,2,5,244,2,0,3,25,45,0,2,3,2,1,1,0,0
82,2,7,2,5,244,3,1,10,25,20,1,2,3,2,1,1,0,0
82,2,7,2,5,245,1,0,3,45,45,1,2,3,2,1,0,1,0
82,2,7,2,5,245,2,1,10,35,45,0,2,3,2,1,0,1,0
82,2,7,2,5,245,3,0,10,25,35,1,2,3,2,1,0,1,0
82,2,7,2,5,246,1,0,3,25,45,0,2,3,2,1,0,0,1
82,2,7,2,5,246,2,0,10,25,35,1,2,3,2,1,0,0,1
82,2,7,2,5,246,3,1,3,25,35,1,2,3,2,1,0,0,1
83,4,6,"2,4","2,4",247,1,0,3,25,45,1,1,1,3,1,1,0,0
83,4,6,"2,4","2,4",247,2,1,10,20,10,1,1,1,3,1,1,0,0
83,4,6,"2,4","2,4",247,3,0,10,45,30,1,1,1,3,1,1,0,0
83,4,6,"2,4","2,4",248,1,0,3,45,20,1,1,1,3,1,0,1,0
83,4,6,"2,4","2,4",248,2,1,10,10,20,1,1,1,3,1,0,1,0
83,4,6,"2,4","2,4",248,3,0,10,45,30,1,1,1,3,1,0,1,0
83,4,6,"2,4","2,4",249,1,0,3,45,30,0,1,1,3,1,0,0,1
83,4,6,"2,4","2,4",249,2,1,3,25,20,1,1,1,3,1,0,0,1
83,4,6,"2,4","2,4",249,3,0,3,25,30,1,1,1,3,1,0,0,1
84,1,5,4,5,250,1,0,10,45,20,0,2,2,2,1,1,0,0
84,1,5,4,5,250,2,1,3,10,20,0,2,2,2,1,1,0,0
84,1,5,4,5,250,3,0,10,35,45,1,2,2,2,1,1,0,0
84,1,5,4,5,251,1,0,10,45,30,0,2,2,2,1,0,1,0
84,1,5,4,5,251,2,1,10,20,35,1,2,2,2,1,0,1,0
84,1,5,4,5,251,3,0,10,25,20,1,2,2,2,1,0,1,0
84,1,5,4,5,252,1,0,10,45,45,0,2,2,2,1,0,0,1
84,1,5,4,5,252,2,1,10,10,20,0,2,2,2,1,0,0,1
84,1,5,4,5,252,3,0,3,25,30,1,2,2,2,1,0,0,1
85,5,5,"1,4","1,2,3,4",253,1,0,10,45,35,1,2,2,2,1,1,0,0
85,5,5,"1,4","1,2,3,4",253,2,1,10,20,35,0,2,2,2,1,1,0,0
85,5,5,"1,4","1,2,3,4",253,3,0,3,35,20,1,2,2,2,1,1,0,0
85,5,5,"1,4","1,2,3,4",254,1,1,3,35,30,0,2,2,2,1,0,1,0
85,5,5,"1,4","1,2,3,4",254,2,0,3,45,45,0,2,2,2,1,0,1,0
85,5,5,"1,4","1,2,3,4",254,3,0,10,45,30,1,2,2,2,1,0,1,0
85,5,5,"1,4","1,2,3,4",255,1,1,10,45,45,0,2,2,2,1,0,0,1
85,5,5,"1,4","1,2,3,4",255,2,0,3,35,35,1,2,2,2,1,0,0,1
85,5,5,"1,4","1,2,3,4",255,3,0,10,35,30,1,2,2,2,1,0,0,1
86,3,6,"2,4","1,2,4",256,1,1,3,20,20,0,2,1,3,1,1,0,0
86,3,6,"2,4","1,2,4",256,2,0,10,35,45,1,2,1,3,1,1,0,0
86,3,6,"2,4","1,2,4",256,3,0,3,35,45,1,2,1,3,1,1,0,0
86,3,6,"2,4","1,2,4",257,1,0,10,25,20,0,2,1,3,1,0,1,0
86,3,6,"2,4","1,2,4",257,2,1,10,20,30,0,2,1,3,1,0,1,0
86,3,6,"2,4","1,2,4",257,3,0,3,25,45,1,2,1,3,1,0,1,0
86,3,6,"2,4","1,2,4",258,1,0,3,35,30,1,2,1,3,1,0,0,1
86,3,6,"2,4","1,2,4",258,2,0,10,45,35,1,2,1,3,1,0,0,1
86,3,6,"2,4","1,2,4",258,3,1,10,20,35,0,2,1,3,1,0,0,1
87,3,7,5,5,259,1,0,10,25,45,1,2,3,3,1,1,0,0
87,3,7,5,5,259,2,0,3,35,35,0,2,3,3,1,1,0,0
87,3,7,5,5,259,3,1,3,20,20,1,2,3,3,1,1,0,0
87,3,7,5,5,260,1,0,3,35,35,0,2,3,3,1,0,1,0
87,3,7,5,5,260,2,0,3,45,35,0,2,3,3,1,0,1,0
87,3,7,5,5,260,3,1,3,10,20,0,2,3,3,1,0,1,0
87,3,7,5,5,261,1,0,3,20,20,1,2,3,3,1,0,0,1
87,3,7,5,5,261,2,0,3,25,45,1,2,3,3,1,0,0,1
87,3,7,5,5,261,3,1,10,35,20,0,2,3,3,1,0,0,1
88,4,4,"1,4","1,2,4",262,1,0,10,45,35,1,2,2,4,1,1,0,0
88,4,4,"1,4","1,2,4",262,2,1,3,20,30,1,2,2,4,1,1,0,0
88,4,4,"1,4","1,2,4",262,3,0,10,25,30,1,2,2,4,1,1,0,0
88,4,4,"1,4","1,2,4",263,1,0,3,20,35,1,2,2,4,1,0,1,0
88,4,4,"1,4","1,2,4",263,2,0,10,20,30,0,2,2,4,1,0,1,0
88,4,4,"1,4","1,2,4",263,3,1,3,10,10,1,2,2,4,1,0,1,0
88,4,4,"1,4","1,2,4",264,1,1,3,20,10,0,2,2,4,1,0,0,1
88,4,4,"1,4","1,2,4",264,2,0,3,20,35,0,2,2,4,1,0,0,1
88,4,4,"1,4","1,2,4",264,3,0,10,25,45,1,2,2,4,1,0,0,1
89,3,6,4,"1,2,3,4",265,1,0,10,35,35,1,1,1,3,3,1,0,0
89,3,6,4,"1,2,3,4",265,2,1,3,25,45,1,1,1,3,3,1,0,0
89,3,6,4,"1,2,3,4",265,3,0,10,35,35,1,1,1,3,3,1,0,0
89,3,6,4,"1,2,3,4",266,1,1,3,25,30,1,1,1,3,3,0,1,0
89,3,6,4,"1,2,3,4",266,2,0,10,25,45,1,1,1,3,3,0,1,0
89,3,6,4,"1,2,3,4",266,3,0,3,45,30,1,1,1,3,3,0,1,0
89,3,6,4,"1,2,3,4",267,1,0,10,20,20,1,1,1,3,3,0,0,1
89,3,6,4,"1,2,3,4",267,2,1,10,45,20,1,1,1,3,3,0,0,1
89,3,6,4,"1,2,3,4",267,3,0,10,25,45,0,1,1,3,3,0,0,1
90,3,7,4,5,268,1,0,10,20,35,0,2,1,3,1,1,0,0
90,3,7,4,5,268,2,0,10,35,20,0,2,1,3,1,1,0,0
90,3,7,4,5,268,3,1,10,45,30,1,2,1,3,1,1,0,0
90,3,7,4,5,269,1,0,10,10,10,1,2,1,3,1,0,1,0
90,3,7,4,5,269,2,0,3,45,45,1,2,1,3,1,0,1,0
90,3,7,4,5,269,3,1,10,20,10,1,2,1,3,1,0,1,0
90,3,7,4,5,270,1,0,3,10,10,1,2,1,3,1,0,0,1
90,3,7,4,5,270,2,0,10,20,20,0,2,1,3,1,0,0,1
90,3,7,4,5,270,3,1,10,20,30,0,2,1,3,1,0,0,1
91,5,5,"1,2,4",4,271,1,0,10,25,45,1,2,1,2,2,1,0,0
91,5,5,"1,2,4",4,271,2,1,3,25,35,1,2,1,2,2,1,0,0
91,5,5,"1,2,4",4,271,3,0,10,35,20,1,2,1,2,2,1,0,0
91,5,5,"1,2,4",4,272,1,0,3,35,45,0,2,1,2,2,0,1,0
91,5,5,"1,2,4",4,272,2,0,3,45,35,0,2,1,2,2,0,1,0
91,5,5,"1,2,4",4,272,3,1,10,25,20,0,2,1,2,2,0,1,0
91,5,5,"1,2,4",4,273,1,0,3,45,35,1,2,1,2,2,0,0,1
91,5,5,"1,2,4",4,273,2,1,3,20,30,1,2,1,2,2,0,0,1
91,5,5,"1,2,4",4,273,3,0,10,35,20,0,2,1,2,2,0,0,1
92,4,4,"1,4",5,274,1,1,3,25,35,1,2,2,3,1,1,0,0
92,4,4,"1,4",5,274,2,0,3,35,45,1,2,2,3,1,1,0,0
92,4,4,"1,4",5,274,3,0,10,10,10,1,2,2,3,1,1,0,0
92,4,4,"1,4",5,275,1,0,10,25,35,1,2,2,3,1,0,1,0
92,4,4,"1,4",5,275,2,0,3,45,35,0,2,2,3,1,0,1,0
92,4,4,"1,4",5,275,3,1,3,20,10,0,2,2,3,1,0,1,0
92,4,4,"1,4",5,276,1,0,10,45,35,0,2,2,3,1,0,0,1
92,4,4,"1,4",5,276,2,1,10,25,20,1,2,2,3,1,0,0,1
92,4,4,"1,4",5,276,3,0,3,45,35,1,2,2,3,1,0,0,1
93,5,6,4,4,277,1,0,10,45,35,1,2,1,3,2,1,0,0
93,5,6,4,4,277,2,1,10,20,35,0,2,1,3,2,1,0,0
93,5,6,4,4,277,3,0,10,45,35,1,2,1,3,2,1,0,0
93,5,6,4,4,278,1,0,10,35,30,0,2,1,3,2,0,1,0
93,5,6,4,4,278,2,1,10,10,20,0,2,1,3,2,0,1,0
93,5,6,4,4,278,3,0,3,35,35,1,2,1,3,2,0,1,0
93,5,6,4,4,279,1,0,3,20,30,0,2,1,3,2,0,0,1
93,5,6,4,4,279,2,0,10,35,20,0,2,1,3,2,0,0,1
93,5,6,4,4,279,3,1,3,20,10,1,2,1,3,2,0,0,1
94,4,7,"2,4","2,4",280,1,1,3,25,45,1,2,1,4,3,1,0,0
94,4,7,"2,4","2,4",280,2,0,3,45,20,1,2,1,4,3,1,0,0
94,4,7,"2,4","2,4",280,3,0,10,35,35,1,2,1,4,3,1,0,0
94,4,7,"2,4","2,4",281,1,1,10,25,30,1,2,1,4,3,0,1,0
94,4,7,"2,4","2,4",281,2,0,3,25,45,0,2,1,4,3,0,1,0
94,4,7,"2,4","2,4",281,3,0,3,25,45,1,2,1,4,3,0,1,0
94,4,7,"2,4","2,4",282,1,0,10,35,45,1,2,1,4,3,0,0,1
94,4,7,"2,4","2,4",282,2,0,3,35,45,1,2,1,4,3,0,0,1
94,4,7,"2,4","2,4",282,3,1,3,20,20,1,2,1,4,3,0,0,1
95,4,6,"2,4","2,3,4",283,1,0,10,20,30,0,2,1,1,1,1,0,0
95,4,6,"2,4","2,3,4",283,2,1,3,25,20,0,2,1,1,1,1,0,0
95,4,6,"2,4","2,3,4",283,3,0,10,35,35,1,2,1,1,1,1,0,0
95,4,6,"2,4","2,3,4",284,1,1,3,25,30,0,2,1,1,1,0,1,0
95,4,6,"2,4","2,3,4",284,2,0,3,45,45,0,2,1,1,1,0,1,0
95,4,6,"2,4","2,3,4",284,3,0,3,25,35,1,2,1,1,1,0,1,0
95,4,6,"2,4","2,3,4",285,1,0,10,25,45,0,2,1,1,1,0,0,1
95,4,6,"2,4","2,3,4",285,2,1,3,25,35,1,2,1,1,1,0,0,1
95,4,6,"2,4","2,3,4",285,3,0,10,45,30,1,2,1,1,1,0,0,1
96,2,7,4,2,286,1,1,3,20,20,1,1,2,1,1,1,0,0
96,2,7,4,2,286,2,0,3,45,20,0,1,2,1,1,1,0,0
96,2,7,4,2,286,3,0,10,20,30,1,1,2,1,1,1,0,0
96,2,7,4,2,287,1,1,3,35,45,1,1,2,1,1,0,1,0
96,2,7,4,2,287,2,0,10,10,20,0,1,2,1,1,0,1,0
96,2,7,4,2,287,3,0,3,10,20,0,1,2,1,1,0,1,0
96,2,7,4,2,288,1,1,3,25,35,0,1,2,1,1,0,0,1
96,2,7,4,2,288,2,0,3,10,10,0,1,2,1,1,0,0,1
96,2,7,4,2,288,3,0,3,25,20,0,1,2,1,1,0,0,1
97,4,4,"2,4","2,4",289,1,0,10,45,45,0,2,1,5,1,1,0,0
97,4,4,"2,4","2,4",289,2,0,10,35,30,1,2,1,5,1,1,0,0
97,4,4,"2,4","2,4",289,3,1,3,10,20,1,2,1,5,1,1,0,0
97,4,4,"2,4","2,4",290,1,0,10,35,35,1,2,1,5,1,0,1,0
97,4,4,"2,4","2,4",290,2,0,3,35,45,0,2,1,5,1,0,1,0
97,4,4,"2,4","2,4",290,3,1,3,25,20,0,2,1,5,1,0,1,0
97,4,4,"2,4","2,4",291,1,1,3,35,30,0,2,1,5,1,0,0,1
97,4,4,"2,4","2,4",291,2,0,10,35,30,0,2,1,5,1,0,0,1
97,4,4,"2,4","2,4",291,3,0,3,45,45,0,2,1,5,1,0,0,1
98,3,7,"2,4","2,4",292,1,1,3,45,35,1,2,1,5,1,1,0,0
98,3,7,"2,4","2,4",292,2,0,10,45,45,0,2,1,5,1,1,0,0
98,3,7,"2,4","2,4",292,3,0,10,45,45,1,2,1,5,1,1,0,0
98,3,7,"2,4","2,4",293,1,1,10,20,35,0,2,1,5,1,0,1,0
98,3,7,"2,4","2,4",293,2,0,3,20,20,1,2,1,5,1,0,1,0
98,3,7,"2,4","2,4",293,3,0,3,45,35,0,2,1,5,1,0,1,0
98,3,7,"2,4","2,4",294,1,1,10,25,35,1,2,1,5,1,0,0,1
98,3,7,"2,4","2,4",294,2,0,3,25,45,1,2,1,5,1,0,0,1
98,3,7,"2,4","2,4",294,3,0,10,10,10,1,2,1,5,1,0,0,1
99,3,2,"1,2,3,4","1,4",295,1,1,3,45,35,1,1,2,5,3,1,0,0
99,3,2,"1,2,3,4","1,4",295,2,0,10,45,45,1,1,2,5,3,1,0,0
99,3,2,"1,2,3,4","1,4",295,3,0,3,20,30,1,1,2,5,3,1,0,0
99,3,2,"1,2,3,4","1,4",296,1,1,10,45,45,1,1,2,5,3,0,1,0
99,3,2,"1,2,3,4","1,4",296,2,0,10,25,35,0,1,2,5,3,0,1,0
99,3,2,"1,2,3,4","1,4",296,3,0,3,20,10,0,1,2,5,3,0,1,0
99,3,2,"1,2,3,4","1,4",297,1,1,3,35,20,1,1,2,5,3,0,0,1
99,3,2,"1,2,3,4","1,4",297,2,0,10,35,35,1,1,2,5,3,0,0,1
99,3,2,"1,2,3,4","1,4",297,3,0,3,35,35,0,1,2,5,3,0,0,1
100,4,6,4,"1,2,4",298,1,1,10,20,35,0,2,1,1,1,1,0,0
100,4,6,4,"1,2,4",298,2,0,10,35,30,1,2,1,1,1,1,0,0
100,4,6,4,"1,2,4",298,3,0,3,20,30,1,2,1,1,1,1,0,0
100,4,6,4,"1,2,4",299,1,1,10,25,30,1,2,1,1,1,0,1,0
100,4,6,4,"1,2,4",299,2,0,10,20,30,1,2,1,1,1,0,1,0
100,4,6,4,"1,2,4",299,3,0,10,35,20,1,2,1,1,1,0,1,0
100,4,6,4,"1,2,4",300,1,1,10,10,20,0,2,1,1,1,0,0,1
100,4,6,4,"1,2,4",300,2,0,3,20,10,0,2,1,1,1,0,0,1
100,4,6,4,"1,2,4",300,3,0,3,25,35,0,2,1,1,1,0,0,1
101,3,7,"1,2,4","1,2,3,4",301,1,0,10,45,20,1,1,2,4,3,1,0,0
101,3,7,"1,2,4","1,2,3,4",301,2,1,10,25,30,1,1,2,4,3,1,0,0
101,3,7,"1,2,4","1,2,3,4",301,3,0,10,45,30,1,1,2,4,3,1,0,0
101,3,7,"1,2,4","1,2,3,4",302,1,0,10,45,20,1,1,2,4,3,0,1,0
101,3,7,"1,2,4","1,2,3,4",302,2,0,10,25,30,1,1,2,4,3,0,1,0
101,3,7,"1,2,4","1,2,3,4",302,3,1,3,45,20,0,1,2,4,3,0,1,0
101,3,7,"1,2,4","1,2,3,4",303,1,1,3,10,10,1,1,2,4,3,0,0,1
101,3,7,"1,2,4","1,2,3,4",303,2,0,10,20,10,1,1,2,4,3,0,0,1
101,3,7,"1,2,4","1,2,3,4",303,3,0,3,25,45,1,1,2,4,3,0,0,1
102,4,6,4,4,304,1,1,3,35,20,1,2,2,5,1,1,0,0
102,4,6,4,4,304,2,0,10,45,35,0,2,2,5,1,1,0,0
102,4,6,4,4,304,3,0,10,25,20,1,2,2,5,1,1,0,0
102,4,6,4,4,305,1,1,3,45,35,1,2,2,5,1,0,1,0
102,4,6,4,4,305,2,0,3,45,35,1,2,2,5,1,0,1,0
102,4,6,4,4,305,3,0,10,20,10,1,2,2,5,1,0,1,0
102,4,6,4,4,306,1,1,3,20,10,1,2,2,5,1,0,0,1
102,4,6,4,4,306,2,0,3,35,35,0,2,2,5,1,0,0,1
102,4,6,4,4,306,3,0,3,45,20,1,2,2,5,1,0,0,1
103,5,6,4,"1,2",307,1,1,3,35,45,0,1,2,1,2,1,0,0
103,5,6,4,"1,2",307,2,0,3,25,20,1,1,2,1,2,1,0,0
103,5,6,4,"1,2",307,3,0,3,25,20,1,1,2,1,2,1,0,0
103,5,6,4,"1,2",308,1,1,10,25,35,0,1,2,1,2,0,1,0
103,5,6,4,"1,2",308,2,0,3,20,20,1,1,2,1,2,0,1,0
103,5,6,4,"1,2",308,3,0,3,25,35,1,1,2,1,2,0,1,0
103,5,6,4,"1,2",309,1,1,3,10,20,0,1,2,1,2,0,0,1
103,5,6,4,"1,2",309,2,0,3,45,35,1,1,2,1,2,0,0,1
103,5,6,4,"1,2",309,3,0,10,10,20,0,1,2,1,2,0,0,1
